{"count": 3526, "em": 0.013045944412932501, "f1": 0.03570911669649698}
