{"count": 3526, "em": 0.6193987521270562, "f1": 0.6982896100396478}