{"count": 3526, "em": 0.7756664775950085, "f1": 0.84716356350152}